[
  {
    "id": 2,
    "name": "Chimu",
    "description": "Comida Peruana, Parrilla, Ensaladas, Milanesa",
    "menu": [
      {
        "id": "1",
        "title": "Ceviche",
        "price": 200,
        "category": "Comida Peruana",
        "description": "Pescado Crudo"
      },
      {
        "id": "2",
        "title": "Asado de Tira",
        "price": 300,
        "category": "Parrilla",
        "description": "Puede ser Jugosa o Seca"
      },
      {
        "id": "3",
        "title": "Entraña",
        "price": 250,
        "category": "Parrilla",
        "description": "Puede ser Jugosa o Seca"
      },
      {
        "id": "4",
        "title": "Milanesa a la Napolitana con Puré",
        "price": 250,
        "category": "Milanesas",
        "description": "Consultar por otras guarniciones"
      },
      {
        "id": "5",
        "title": "Milanesa a la Napolitana con Papas Fritas",
        "price": 250,
        "category": "Milanesas",
        "description": "Consultar por otras guarniciones"
      }
    ]
  },
  {
    "id": 3,
    "name": "Chino Central",
    "description": "Comida China, Ensaladas, Carnes, Pastas",
    "menu": [
      {
        "id": "1",
        "title": "Chau Fan de Cerdo",
        "price": 200,
        "category": "Comida China",
        "description": "Chefs del Barrio Chino"
      },
      {
        "id": "2",
        "title": "Chau Fan de Verduras",
        "price": 200,
        "category": "Comida China",
        "description": "Chefs del Barrio Chino"
      },
      {
        "id": "3",
        "title": "Chau Fan de Carne",
        "price": 200,
        "category": "Comida China",
        "description": "Chefs del Barrio Chino"
      },
      {
        "id": "4",
        "title": "Ravioles con Salsa",
        "price": 200,
        "category": "Pastas",
        "description": "Pasta de Italia"
      },
      {
        "id": "5",
        "title": "Ñoquis con crema",
        "price": 200,
        "category": "Pastas",
        "description": "Pasta de Italia"
      }
    ]
  },
  {
    "id": 4,
    "name": "Don Pedro",
    "description": "Casa de Empanadas Especialidades",
    "menu": [
      {
        "id": "1",
        "title": "Carne",
        "price": 30,
        "category": "Empanadas",
        "description": "Con Papa"
      },
      {
        "id": "2",
        "title": "Jamón y queso",
        "price": 30,
        "category": "Empanadas",
        "description": "Canastitas"
      },
      {
        "id": "3",
        "title": "Pollo",
        "price": 30,
        "category": "Empanadas",
        "description": "Canastitas"
      },
      {
        "id": "4",
        "title": "Capresse",
        "price": 30,
        "category": "Empanadas",
        "description": "Canastitas"
      },
      {
        "id": "5",
        "title": "Provolone",
        "price": 30,
        "category": "Empanadas",
        "description": "Canastitas"
      }
    ]
  },
  {
    "id": 5,
    "name": "Doña Luisa",
    "description": "Rotiseria, especialidad en minutas, milanesa, pizza y pastas",
    "menu": [
      {
        "id": "1",
        "title": "Milanesa a caballo dos jinetes",
        "price": 400,
        "category": "Milanesas",
        "description": "La mejor Milanesa."
      },
      {
        "id": "2",
        "title": "Milanesa a la napolitana con jamón",
        "price": 350,
        "category": "Milanesas",
        "description": "con jamón de tocador"
      },
      {
        "id": "3",
        "title": "Ravioles de verdura",
        "price": 300,
        "category": "Pastas",
        "description": "Un tallarín"
      },
      {
        "id": "4",
        "title": "Ravioles de Ricota y nuez",
        "price": 300,
        "category": "Pastas",
        "description": "que se mueve por aquí"
      },
      {
        "id": "5",
        "title": "Capelettini a los cuatro quesos",
        "price": 300,
        "category": "Pastas",
        "description": "que se mueve por allí"
      }
    ]
  },
  {
    "id": 6,
    "name": "El Rey del Pollo",
    "description": "Rotiseria, especialidad en pollo la parrilla, minutas varias",
    "menu": [
      {
        "id": "1",
        "title": "Pollo a la Parrilla",
        "price": 300,
        "category": "Parrilla",
        "description": "Pollo dos hermanos"
      },
      {
        "id": "2",
        "title": "Pollo Relleno a la Parrilla",
        "price": 400,
        "category": "Parrilla",
        "description": "Pollitos en fuga"
      },
      {
        "id": "3",
        "title": "Pata y muslo a la parrilla Porción",
        "price": 350,
        "category": "Parrilla",
        "description": "Parripollo"
      },
      {
        "id": "4",
        "title": "Milanesa de pollo la napolitana",
        "price": 350,
        "category": "Milanesas",
        "description": "Suprema de Pollo rica rica"
      },
      {
        "id": "5",
        "title": "Milanesa de pollo con queso y cebolla",
        "price": 350,
        "category": "Milanesas",
        "description": "Suprema con queso y cebolla"
      }
    ]
  },
  {
    "id": 7,
    "name": "Kaizen",
    "description": "Comida Japonesa, comida Peruana, Wok, Sushi",
    "menu": [
      {
        "id": "1",
        "title": "All Salmon (30 Piezas)",
        "price": 600,
        "category": "Sushi",
        "description": "Jardin Japones"
      },
      {
        "id": "2",
        "title": "Rolls California (8 Piezas)",
        "price": 200,
        "category": "Sushi",
        "description": "Sushiman experto"
      },
      {
        "id": "3",
        "title": "Nigiris (5 Piezas)",
        "price": 300,
        "category": "Sushi",
        "description": "Lo hace el chinito de la tele"
      },
      {
        "id": "4",
        "title": "Misojiro",
        "price": 300,
        "category": "Comida Japonesa",
        "description": "Sopa Japonesa"
      },
      {
        "id": "5",
        "title": "Wok de Verduras",
        "price": 300,
        "category": "Wok",
        "description": "Wok Wok"
      }
    ]
  },
 
    {
      "id": 1,
      "name": "Bar BQ",
      "description": "Comida Americana, Comida Internacional, Parrilla, Ensaladas",
      "menu": [
        {
          "id": "1",
          "title": "Pizza de muzzarella",
          "price": 200,
          "category": "Pizza",
          "description": "Pizza Italiana"
        },
        {
          "id": "2",
          "title": "Hamburguesa con Papas Fritas",
          "price": 200,
          "category": "Hamburguesas",
          "description": "Hamburguesa Francesa"
        },
        {
          "id": "3",
          "title": "Barbacoa",
          "price": 250,
          "category": "Hamburguesas",
          "description": "Hamburguesa Completa"
        },
        {
          "id": "4",
          "title": "Papas Rústicas",
          "price": 150,
          "category": "Papas Fritas",
          "description": "Papanicolaou"
        },
        {
          "id": "5",
          "title": "Ensalada César",
          "price": 150,
          "category": "Ensaladas",
          "description": "Papa Francisco"
        }
      ]
    }
 ]